{"cameraMode":{"drawMode":0,"name":"Shaded","section":"Shading Mode"},"sceneLighting":false,"audioPlay":false,"sceneViewState":{"m_AlwaysRefresh":false,"showFog":true,"showSkybox":false,"showFlares":true,"showImageEffects":true,"showParticleSystems":true,"showVisualEffectGraphs":true,"m_FxEnabled":true},"in2DMode":false,"pivot":{"x":-5.364418029785156e-7,"y":0.32329797744750979,"z":1.1920928955078126e-7},"rotation":{"x":-0.012511422857642174,"y":-0.9224421977996826,"z":0.02957015670835972,"w":-0.385150671005249},"size":1.2932536602020264,"orthographic":false}