{"cameraMode":{"drawMode":0,"name":"Shaded","section":"Shading Mode"},"sceneLighting":true,"audioPlay":false,"sceneViewState":{"m_AlwaysRefresh":false,"showFog":true,"showSkybox":true,"showFlares":true,"showImageEffects":true,"showParticleSystems":true,"showVisualEffectGraphs":true,"m_FxEnabled":true},"in2DMode":false,"pivot":{"x":2.511176109313965,"y":1.4027111530303956,"z":-2.6252708435058595},"rotation":{"x":0.31405705213546755,"y":-0.3637215197086334,"z":0.13162876665592194,"w":0.8672444820404053},"size":14.445229530334473,"orthographic":false}