{"cameraMode":{"drawMode":0,"name":"Shaded","section":"Shading Mode"},"sceneLighting":true,"audioPlay":false,"sceneViewState":{"m_AlwaysRefresh":false,"showFog":true,"showSkybox":true,"showFlares":true,"showImageEffects":true,"showParticleSystems":true,"showVisualEffectGraphs":true,"m_FxEnabled":true},"in2DMode":false,"pivot":{"x":50.947784423828128,"y":3.820836067199707,"z":45.382286071777347},"rotation":{"x":-0.2860737144947052,"y":-0.04114609584212303,"z":0.012471824884414673,"w":-0.9572426080703735},"size":33.07709503173828,"orthographic":false}