{"cameraMode":{"drawMode":0,"name":"Shaded","section":"Shading Mode"},"sceneLighting":false,"audioPlay":false,"sceneViewState":{"m_AlwaysRefresh":false,"showFog":true,"showSkybox":false,"showFlares":true,"showImageEffects":true,"showParticleSystems":true,"showVisualEffectGraphs":true,"m_FxEnabled":true},"in2DMode":false,"pivot":{"x":2.5199999809265138,"y":6.795295238494873,"z":-3.0278067588806154},"rotation":{"x":-0.007088501006364822,"y":-0.9930019378662109,"z":0.08752769231796265,"w":-0.08140331506729126},"size":1.0361099243164063,"orthographic":false}