{"cameraMode":{"drawMode":0,"name":"Shaded","section":"Shading Mode"},"sceneLighting":false,"audioPlay":false,"sceneViewState":{"m_AlwaysRefresh":false,"showFog":true,"showSkybox":false,"showFlares":true,"showImageEffects":true,"showParticleSystems":true,"showVisualEffectGraphs":true,"m_FxEnabled":true},"in2DMode":false,"pivot":{"x":-2.980232238769531e-7,"y":0.1981266736984253,"z":5.960464477539063e-8},"rotation":{"x":0.13692447543144227,"y":0.7519428730010986,"z":-0.16529256105422975,"w":0.6234048008918762},"size":0.7925446033477783,"orthographic":false}