{"cameraMode":{"drawMode":0,"name":"Shaded","section":"Shading Mode"},"sceneLighting":false,"audioPlay":false,"sceneViewState":{"m_AlwaysRefresh":false,"showFog":true,"showSkybox":false,"showFlares":true,"showImageEffects":true,"showParticleSystems":true,"showVisualEffectGraphs":true,"m_FxEnabled":true},"in2DMode":false,"pivot":{"x":0.1295592337846756,"y":0.1250072717666626,"z":0.21212658286094666},"rotation":{"x":0.037438880652189258,"y":0.9590083956718445,"z":-0.23623619973659516,"w":0.15243509411811829},"size":0.9932536482810974,"orthographic":false}